# OpenTelemetry Metrics report: .csv, 4 fields: 
# <metric name>, <period start, nanoseconds>, <period end, nanoseconds>, <metric value>
# See CsvMetricsExporter for details.
# 
# NAME, PERIOD_START_NANOS, PERIOD_END_NANOS, VALUE
parser.ECMAScript.6.time.ns,1715101733477000000,1715101793503000000,124853874
lexer.JAVA.time.ns,1715101733477000000,1715101793503000000,2484209
parser.Markdown.time.ns,1715101733477000000,1715101793503000000,8112629
writeAction.max.wait.ms,1715101733477000000,1715101793503000000,6
parser.JavaScript.time.ns,1715101733477000000,1715101793503000000,947094548
lexer.ECMAScript.6.time.ns,1715101733477000000,1715101793503000000,351238173
writeAction.median.wait.ms,1715101733477000000,1715101793503000000,0
lexer.JAVA.size.bytes,1715101733477000000,1715101793503000000,12693
lexer.HTML.size.bytes,1715101733477000000,1715101793503000000,0
parser.JavaScript.size.bytes,1715101733477000000,1715101793503000000,3442704
lexer.SCSS.size.bytes,1715101733477000000,1715101793503000000,128330
parser.XML.time.ns,1715101733477000000,1715101793503000000,89820925
writeAction.count,1715101733477000000,1715101793503000000,36
parser.JAVA.size.bytes,1715101733477000000,1715101793503000000,12693
parser.XML.size.bytes,1715101733477000000,1715101793503000000,14169
lexer.Markdown.size.bytes,1715101733477000000,1715101793503000000,317
lexer.HTML.time.ns,1715101733477000000,1715101793503000000,55154
lexer.XML.size.bytes,1715101733477000000,1715101793503000000,14169
parser.HTML.time.ns,1715101733477000000,1715101793503000000,1898162
parser.Markdown.size.bytes,1715101733477000000,1715101793503000000,317
parser.SCSS.size.bytes,1715101733477000000,1715101793503000000,128330
lexer.Markdown.time.ns,1715101733477000000,1715101793503000000,51693131
lexer.JSON.time.ns,1715101733477000000,1715101793503000000,38770698
parser.ECMAScript.6.size.bytes,1715101733477000000,1715101793503000000,1127333
lexer.SCSS.time.ns,1715101733477000000,1715101793503000000,11622686
parser.JSON.size.bytes,1715101733477000000,1715101793503000000,407417
parser.JSON.time.ns,1715101733477000000,1715101793503000000,498596459
lexer.JSON.size.bytes,1715101733477000000,1715101793503000000,407417
parser.SCSS.time.ns,1715101733477000000,1715101793503000000,84449713
lexer.CSS.time.ns,1715101733477000000,1715101793503000000,613409731
lexer.XML.time.ns,1715101733477000000,1715101793503000000,4085310
writeAction.wait.ms,1715101733477000000,1715101793503000000,19
lexer.ECMAScript.6.size.bytes,1715101733477000000,1715101793503000000,1127333
lexer.CSS.size.bytes,1715101733477000000,1715101793503000000,1250259
parser.JAVA.time.ns,1715101733477000000,1715101793503000000,80560118
parser.HTML.size.bytes,1715101733477000000,1715101793503000000,0
parser.CSS.time.ns,1715101733477000000,1715101793503000000,192619094
parser.CSS.size.bytes,1715101733477000000,1715101793503000000,1250259
cacheStateStorage.set.counter,1715101733477000000,1715101793503000000,6
cacheStateStorage.get.counter,1715101733477000000,1715101793503000000,58
cacheStateStorage.get.duration,1715101733477000000,1715101793503000000,67
cacheStateStorage.set.duration,1715101733477000000,1715101793503000000,42
IndexesFlusher.totalFlushesRetried,1715101733477000000,1715101793503000000,1
Indexes.allKeys.lookupDurationMaxMs,1715101733477000000,1715101793503000000,0.0
Indexes.allKeys.lookups,1715101733477000000,1715101793503000000,0.0
Indexes.entries.lookupDurationMaxMs,1715101733477000000,1715101793503000000,0.0
Indexes.entries.lookupDurationAvgMs,1715101733477000000,1715101793503000000,0.0
IndexesFlusher.totalFlushingTimeUs,1715101733477000000,1715101793503000000,854814
Indexes.allKeys.lookupDuration90PMs,1715101733477000000,1715101793503000000,0.0
Indexes.stubs.lookups,1715101733477000000,1715101793503000000,0.0
Indexes.entries.lookupDuration90PMs,1715101733477000000,1715101793503000000,0.0
IndexesFlusher.totalFlushes,1715101733477000000,1715101793503000000,52
Indexes.entries.lookups,1715101733477000000,1715101793503000000,0.0
Indexes.stubs.lookupDuration90PMs,1715101733477000000,1715101793503000000,0.0
Indexes.allKeys.lookupDurationAvgMs,1715101733477000000,1715101793503000000,0.0
Indexes.stubs.lookupDurationMaxMs,1715101733477000000,1715101793503000000,0.0
Indexes.stubs.lookupDurationAvgMs,1715101733477000000,1715101793503000000,0.0
IndexesFlusher.totalContentionQuotaSpent,1715101733477000000,1715101793503000000,45
workspaceModel.mutableEntityStorage.remove.entity.ms,1715101733477000000,1715101793503000000,1
jps.global.get.library.ms,1715101733477000000,1715101793503000000,0
workspaceModel.mutableEntityStorage.to.snapshot.ms,1715101733477000000,1715101793503000000,2
workspaceModel.global.updates.count,1715101733477000000,1715101793503000000,1
workspaceModel.moduleManagerBridge.create.module.instance.ms,1715101733477000000,1715101793503000000,62
jps.facet.change.listener.init.bridge.ms,1715101733477000000,1715101793503000000,1
jps.project.serializers.load.ms,1715101733477000000,1715101793503000000,8
jps.artifact.entities.serializer.load.entities.ms,1715101733477000000,1715101793503000000,1
workspaceModel.mutableEntityStorage.mutable.vfurl.index.ms,1715101733477000000,1715101793503000000,1
workspaceModel.global.apply.state.to.project.builder.ms,1715101733477000000,1715101793503000000,2
workspaceModel.moduleBridge.update.option.ms,1715101733477000000,1715101793503000000,0
workspaceModel.orphan.listener.update.ms,1715101733477000000,1715101793503000000,1
jps.modifiable.module.model.bridge.load.module.ms,1715101733477000000,1715101793503000000,0
workspaceModel.moduleManagerBridge.load.module.ms,1715101733477000000,1715101793503000000,0
workspaceModel.moduleManagerBridge.set.unloadedModules.ms,1715101733477000000,1715101793503000000,0
workspaceModel.global.apply.state.to.project.ms,1715101733477000000,1715101793503000000,8
jps.module.iml.entities.serializer.save.entities.ms,1715101733477000000,1715101793503000000,22
jps.global.initialize.library.bridges.ms,1715101733477000000,1715101793503000000,1
workspaceModel.mutableEntityStorage.entities.by.source.ms,1715101733477000000,1715101793503000000,0
jps.global.handle.before.change.events.ms,1715101733477000000,1715101793503000000,0
jps.global.get.library.by.name.ms,1715101733477000000,1715101793503000000,0
jps.modifiable.module.model.bridge.disposing.ms,1715101733477000000,1715101793503000000,0
workspaceModel.moduleBridgeLoader.loading.modules.ms,1715101733477000000,1715101793503000000,150
jps.library.entities.serializer.load.entities.ms,1715101733477000000,1715101793503000000,1
workspaceModel.mutableEntityStorage.replace.by.source.ms,1715101733477000000,1715101793503000000,22
workspaceModel.mutableEntityStorage.modify.entity.ms,1715101733477000000,1715101793503000000,2
workspaceModel.mutableEntityStorage.add.entity.ms,1715101733477000000,1715101793503000000,36
workspaceModel.moduleManagerBridge.build.module.graph.ms,1715101733477000000,1715101793503000000,0
workspaceModel.mutableEntityStorage.collect.changes.ms,1715101733477000000,1715101793503000000,2
jps.global.initialize.library.bridges.after.loading.ms,1715101733477000000,1715101793503000000,1
jps.facet.change.listener.process.change.events.ms,1715101733477000000,1715101793503000000,2
workspaceModel.sync.entities.ms,1715101733477000000,1715101793503000000,0
workspaceModel.mutableEntityStorage.apply.changes.from.ms,1715101733477000000,1715101793503000000,5
workspaceModel.mutableEntityStorage.has.same.entities.ms,1715101733477000000,1715101793503000000,0
workspaceModel.moduleBridge.facet.initialization.ms,1715101733477000000,1715101793503000000,0
jps.app.storage.content.writer.save.component.ms,1715101733477000000,1715101793503000000,1
workspaceModel.load.cache.from.file.ms,1715101733477000000,1715101793503000000,0
jps.modifiable.module.model.bridge.renaming.ms,1715101733477000000,1715101793503000000,0
workspaceModel.do.save.caches.ms,1715101733477000000,1715101793503000000,153
jps.global.handle.changed.events.ms,1715101733477000000,1715101793503000000,0
workspaceModel.mutableEntityStorage.put.entity.ms,1715101733477000000,1715101793503000000,18
workspaceModel.delayed.project.synchronizer.sync.ms,1715101733477000000,1715101793503000000,0
jps.reload.project.entities.ms,1715101733477000000,1715101793503000000,0
jps.load.project.to.empty.storage.ms,1715101733477000000,1715101793503000000,57
jps.save.changed.project.entities.ms,1715101733477000000,1715101793503000000,35
workspaceModel.load.cache.metadata.from.file.ms,1715101733477000000,1715101793503000000,0
jps.artifact.entities.serializer.save.entities.ms,1715101733477000000,1715101793503000000,0
jps.project.serializers.save.ms,1715101733477000000,1715101793503000000,35
workspaceModel.mutableEntityStorage.entities.ms,1715101733477000000,1715101793503000000,1
jps.facet.change.listener.before.change.events.ms,1715101733477000000,1715101793503000000,1
jps.app.storage.content.reader.load.component.ms,1715101733477000000,1715101793503000000,0
jps.apply.loaded.storage.ms,1715101733477000000,1715101793503000000,48
jps.storage.jps.conf.reader.load.component.ms,1715101733477000000,1715101793503000000,6
workspaceModel.moduleBridge.before.changed.ms,1715101733477000000,1715101793503000000,0
workspaceModel.mutableEntityStorage.resolve.ms,1715101733477000000,1715101793503000000,1
workspaceModel.mutableEntityStorage.instances.count,1715101733477000000,1715101793503000000,51
workspaceModel.mutableEntityStorage.mutable.ext.mapping.ms,1715101733477000000,1715101793503000000,1
jps.modifiable.module.model.bridge.new.module.ms,1715101733477000000,1715101793503000000,74
jps.global.get.libraries.ms,1715101733477000000,1715101793503000000,0
jps.save.global.entities.ms,1715101733477000000,1715101793503000000,7
workspaceModel.moduleManagerBridge.newModule.ms,1715101733477000000,1715101793503000000,110
workspaceModel.moduleManagerBridge.new.nonPersistent.module.ms,1715101733477000000,1715101793503000000,0
workspaceModel.mutableEntityStorage.referrers.ms,1715101733477000000,1715101793503000000,0
workspaceModel.save.cache.to.file.ms,1715101733477000000,1715101793503000000,152
jps.library.entities.serializer.save.entities.ms,1715101733477000000,1715101793503000000,3
workspaceModel.global.updates.ms,1715101733477000000,1715101793503000000,17
jps.module.iml.entities.serializer.load.entities.ms,1715101733477000000,1715101793503000000,0
workspaceModel.moduleManagerBridge.load.all.modules.ms,1715101733477000000,1715101793503000000,5
workspaceModel.moduleManagerBridge.get.modules.ms,1715101733477000000,1715101793503000000,1
jps.load.initial.state.ms,1715101733477000000,1715101793503000000,17
JVM.newThreadsCount,1715101733477000000,1715101793503000000,198
JVM.maxThreadCount,1715101733477000000,1715101793503000000,153
OS.loadAverage,1715101733477000000,1715101793503000000,1.9853515625
JVM.totalDirectByteBuffersBytes,1715101733477000000,1715101793503000000,512753335
JVM.maxHeapBytes,1715101733477000000,1715101793503000000,2147483648
JVM.totalBytesAllocated,1715101733477000000,1715101793503000000,9089714864
JVM.usedHeapBytes,1715101733477000000,1715101793503000000,603308192
JVM.usedNativeBytes,1715101733477000000,1715101793503000000,525629216
JVM.GC.collectionTimesMs,1715101733477000000,1715101793503000000,458
JVM.totalCpuTimeMs,1715101733477000000,1715101793503000000,157150
JVM.GC.collections,1715101733477000000,1715101793503000000,49
JVM.threadCount,1715101733477000000,1715101793503000000,153
DirectByteBufferAllocator.totalSizeOfBuffersCachedInBytes,1715101733477000000,1715101793503000000,1048576
FilePageCacheLockFree.totalBytesRequested,1715101733477000000,1715101793503000000,0
FilePageCacheLockFree.totalPageAllocationsWaited,1715101733477000000,1715101793503000000,0
FileChannelInterruptsRetryer.totalRetriedAttempts,1715101733477000000,1715101793503000000,0
FilePageCacheLockFree.totalPagesWritten,1715101733477000000,1715101793503000000,0
FilePageCache.pageFastCacheHits,1715101733477000000,1715101793503000000,2158083
StreamlinedBlobStorage.recordsAllocated,1715101733477000000,1715101793503000000,71433
StreamlinedBlobStorage.totalLiveRecordsCapacityBytes,1715101733477000000,1715101793503000000,7673586
FilePageCacheLockFree.totalHeapBytesAllocated,1715101733477000000,1715101793503000000,0
FilePageCacheLockFree.totalPagesReclaimed,1715101733477000000,1715101793503000000,0
FilePageCacheLockFree.totalNativeBytesReclaimed,1715101733477000000,1715101793503000000,0
FilePageCacheLockFree.totalClosedStoragesReclaimed,1715101733477000000,1715101793503000000,0
FilePageCacheLockFree.totalPagesRequestsMs,1715101733477000000,1715101793503000000,0
FilePageCacheLockFree.totalPagesRequested,1715101733477000000,1715101793503000000,0
FilePageCache.maxRegisteredFiles,1715101733477000000,1715101793503000000,1198
StorageLockContext.competingThreads.avg,1715101733477000000,1715101793503000000,0.0
StreamlinedBlobStorage.recordsDeleted,1715101733477000000,1715101793503000000,74
DirectByteBufferAllocator.reclaimed,1715101733477000000,1715101793503000000,292
FilePageCacheLockFree.housekeeperTimeSpentMs,1715101733477000000,1715101793503000000,0
DirectByteBufferAllocator.totalSizeOfBuffersAllocatedInBytes,1715101733477000000,1715101793503000000,503332864
DirectByteBufferAllocator.hits,1715101733477000000,1715101793503000000,291
FilePageCache.totalPageDisposalsUs,1715101733477000000,1715101793503000000,1129
FilePageCache.pageHits,1715101733477000000,1715101793503000000,38
FilePageCacheLockFree.totalBytesRead,1715101733477000000,1715101793503000000,0
DirectByteBufferAllocator.disposed,1715101733477000000,1715101793503000000,0
FilePageCacheLockFree.housekeeperTurnsDone,1715101733477000000,1715101793503000000,0
FilePageCacheLockFree.totalPagesReadMs,1715101733477000000,1715101793503000000,0
FilePageCache.pageLoads,1715101733477000000,1715101793503000000,488
FilePageCacheLockFree.totalBytesWritten,1715101733477000000,1715101793503000000,0
FilePageCacheLockFree.nativeBytesInUse,1715101733477000000,1715101793503000000,0
FilePageCacheLockFree.totalNativeBytesAllocated,1715101733477000000,1715101793503000000,0
FilePageCacheLockFree.totalPagesWriteMs,1715101733477000000,1715101793503000000,0
MappedFileStorage.totalTimeSpentOnMappingUs,1715101733477000000,1715101793503000000,1259284
MappedFileStorage.totalBytesMapped,1715101733477000000,1715101793503000000,206831616
StorageLockContext.competingThreads.90P,1715101733477000000,1715101793503000000,0
StreamlinedBlobStorage.recordsRelocated,1715101733477000000,1715101793503000000,0
DirectByteBufferAllocator.misses,1715101733477000000,1715101793503000000,482
StreamlinedBlobStorage.totalLiveRecordsPayloadBytes,1715101733477000000,1715101793503000000,4428574
FilePageCacheLockFree.housekeeperTurnsSkipped,1715101733477000000,1715101793503000000,0
StorageLockContext.competingThreads.max,1715101733477000000,1715101793503000000,0
FilePageCacheLockFree.totalHeapBytesReclaimed,1715101733477000000,1715101793503000000,0
FilePageCache.capacityInBytes,1715101733477000000,1715101793503000000,503316478
FilePageCache.maxCacheSizeInBytes,1715101733477000000,1715101793503000000,503324672
FilePageCache.totalPageLoadsUs,1715101733477000000,1715101793503000000,446060
FilePageCache.uncachedFileAccess,1715101733477000000,1715101793503000000,1755
FilePageCacheLockFree.heapBytesInUse,1715101733477000000,1715101793503000000,0
MappedFileStorage.totalPagesMapped,1715101733477000000,1715101793503000000,17
FilePageCache.pageLoadsAboveSizeThreshold,1715101733477000000,1715101793503000000,285
MappedFileStorage.storages,1715101733477000000,1715101793503000000,17
FilePageCacheLockFree.totalPagesAllocated,1715101733477000000,1715101793503000000,0
FilePageCacheLockFree.totalPagesHandedOver,1715101733477000000,1715101793503000000,0
FilePageCache.disposedBuffers,1715101733477000000,1715101793503000000,292
VFS.fileChildByName,1715101733477000000,1715101793503000000,25982
VFS.invertedFileNameIndex.requests,1715101733477000000,1715101793503000000,28
FileNameCache.queries,1715101733477000000,1715101793503000000,15382656
FileNameCache.totalMisses,1715101733477000000,1715101793503000000,569792
VFS.fileByIdCache.misses,1715101733477000000,1715101793503000000,1087
VFS.fileByIdCache.hits,1715101733477000000,1715101793503000000,12
NonBlockingReadAction.failedExecutionsCount,1715101733477000000,1715101793503000000,4
AWTEventQueue.eventsDispatched,1715101733477000000,1715101793503000000,14
FlushQueue.queueSizeMax,1715101733477000000,1715101793503000000,0
FlushQueue.queueSizeAvg,1715101733477000000,1715101793503000000,0.0
AWTEventQueue.dispatchTime90PNs,1715101733477000000,1715101793503000000,692223
FlushQueue.tasksExecuted,1715101733477000000,1715101793503000000,6
FlushQueue.queueSize90P,1715101733477000000,1715101793503000000,0
FlushQueue.waitingTimeAvgNs,1715101733477000000,1715101793503000000,50645.333333333336
FlushQueue.executionTimeAvgNs,1715101733477000000,1715101793503000000,54890.666666666664
WriteAction.executionsCount,1715101733477000000,1715101793503000000,36
NonBlockingReadAction.finalizedExecutionTimeUs,1715101733477000000,1715101793503000000,31742308
FlushQueue.waitingTimeMaxNs,1715101733477000000,1715101793503000000,59647
FlushQueue.executionTime90PNs,1715101733477000000,1715101793503000000,73215
AWTEventQueue.dispatchTimeTotalNS,1715101733477000000,1715101793503000000,8904423552
AWTEventQueue.dispatchTimeMaxNs,1715101733477000000,1715101793503000000,802815
NonBlockingReadAction.finalizedExecutionsCount,1715101733477000000,1715101793503000000,37543
NonBlockingReadAction.failedExecutionTimeUs,1715101733477000000,1715101793503000000,496832
AWTEventQueue.dispatchTimeAvgNs,1715101733477000000,1715101793503000000,245266.2857142857
FlushQueue.waitingTime90PNs,1715101733477000000,1715101793503000000,59647
FlushQueue.executionTimeMaxNs,1715101733477000000,1715101793503000000,73215
ReadAction.executionsCount,1715101733477000000,1715101793503000000,320653
workspaceModel.check.recursive.update.ms,1715101733477000000,1715101793503000000,0
workspaceModel.collect.changes.ms,1715101733477000000,1715101793503000000,0
workspaceModel.cachedValueWithParameters.calculated.ms,1715101733477000000,1715101793503000000,0
workspaceModel.cachedValue.total.get.ms,1715101733477000000,1715101793503000000,13
workspaceModel.workspaceFileIndexData.instances.count,1715101733477000000,1715101793503000000,1
workspaceModel.workspaceFileIndexData.init.ms,1715101733477000000,1715101793503000000,1
workspaceModel.workspaceFileIndexData.getPackageName.ms,1715101733477000000,1715101793503000000,5
workspaceModel.workspaceFileIndexData.updateDirtyEntities.ms,1715101733477000000,1715101793503000000,0
workspaceModel.workspaceFileIndexData.getFileInfo.ms,1715101733477000000,1715101793503000000,289
workspaceModel.entityStorageSnapshotImpl.instances.count,1715101733477000000,1715101793503000000,35
workspaceModel.updates.ms,1715101733477000000,1715101793503000000,89
workspaceModel.loading.from.cache.ms,1715101733477000000,1715101793503000000,22
workspaceModel.workspaceFileIndexData.markDirty.ms,1715101733477000000,1715101793503000000,0
workspaceModel.cachedValueWithParameters.total.get.ms,1715101733477000000,1715101793503000000,0
workspaceModel.updates.precise.ms,1715101733477000000,1715101793503000000,6
workspaceModel.loading.total.ms,1715101733477000000,1715101793503000000,31
workspaceModel.workspaceFileIndexData.processFileSets.ms,1715101733477000000,1715101793503000000,0
workspaceModel.initializing.ms,1715101733477000000,1715101793503000000,3
workspaceModel.cachedValue.calculated.ms,1715101733477000000,1715101793503000000,11
workspaceModel.workspaceFileIndexContributor.registerFileSets.ms,1715101733477000000,1715101793503000000,25
workspaceModel.updates.count,1715101733477000000,1715101793503000000,5
workspaceModel.cachedValueWithParameters.from.cache.ms,1715101733477000000,1715101793503000000,0
workspaceModel.workspaceFileIndexData.visitFileSets.ms,1715101733477000000,1715101793503000000,0
workspaceModel.cachedValueWithParameters.clear.ms,1715101733477000000,1715101793503000000,0
workspaceModel.update.unloaded.entities.ms,1715101733477000000,1715101793503000000,0
workspaceModel.cachedValue.clear.ms,1715101733477000000,1715101793503000000,0
workspaceModel.cachedValue.from.cache.ms,1715101733477000000,1715101793503000000,2
workspaceModel.full.replace.project.model.ms,1715101733477000000,1715101793503000000,1
workspaceModel.workspaceFileIndexData.getDirectoriesByPackageName.ms,1715101733477000000,1715101793503000000,14
workspaceModel.init.bridges.ms,1715101733477000000,1715101793503000000,8
workspaceModel.replace.project.model.ms,1715101733477000000,1715101793503000000,45
workspaceModel.workspaceFileIndexData.onEntitiesChanged.ms,1715101733477000000,1715101793503000000,25
workspaceModel.pre.handlers.ms,1715101733477000000,1715101793503000000,2
workspaceModel.to.snapshot.ms,1715101733477000000,1715101793503000000,1
compiler.ArtifactManagerBridge.findArtifact.ms,1715101733477000000,1715101793503000000,0
compiler.ArtifactManagerBridge.commit.ms,1715101733477000000,1715101793503000000,0
compiler.ArtifactManagerBridge.addArtifact.ms,1715101733477000000,1715101793503000000,0
compiler.ArtifactManagerBridge.getArtifacts.ms,1715101733477000000,1715101793503000000,1
compiler.ArtifactManagerBridge.getArtifactsByType.ms,1715101733477000000,1715101793503000000,1
compiler.ArtifactManagerBridge.dropMappings.ms,1715101733477000000,1715101793503000000,0
compiler.ArtifactVirtualFileListener.propertyChanged.ms,1715101733477000000,1715101793503000000,0
compiler.ArtifactVirtualFileListener.filePathChanged.ms,1715101733477000000,1715101793503000000,0
compiler.ArtifactManagerBridge.initBridges.ms,1715101733477000000,1715101793503000000,0
parser.ECMAScript.6.time.ns,1715101793503000000,1715101853488000000,835608
lexer.JAVA.time.ns,1715101793503000000,1715101853488000000,3229534
writeAction.max.wait.ms,1715101793503000000,1715101853488000000,6
parser.JavaScript.time.ns,1715101793503000000,1715101853488000000,1054201
lexer.ECMAScript.6.time.ns,1715101793503000000,1715101853488000000,105349
writeAction.median.wait.ms,1715101793503000000,1715101853488000000,0
lexer.JAVA.size.bytes,1715101793503000000,1715101853488000000,11814
parser.JavaScript.size.bytes,1715101793503000000,1715101853488000000,1524
parser.XML.time.ns,1715101793503000000,1715101853488000000,8424360
writeAction.count,1715101793503000000,1715101853488000000,21
parser.JAVA.size.bytes,1715101793503000000,1715101853488000000,11814
parser.XML.size.bytes,1715101793503000000,1715101853488000000,5892
lexer.XML.size.bytes,1715101793503000000,1715101853488000000,5892
lexer.JSON.time.ns,1715101793503000000,1715101853488000000,15097192
parser.ECMAScript.6.size.bytes,1715101793503000000,1715101853488000000,1716
parser.JSON.size.bytes,1715101793503000000,1715101853488000000,307884
parser.JSON.time.ns,1715101793503000000,1715101853488000000,155631832
parser.Groovy.time.ns,1715101793503000000,1715101853488000000,976023694
lexer.JSON.size.bytes,1715101793503000000,1715101853488000000,307884
parser.Groovy.size.bytes,1715101793503000000,1715101853488000000,84113
lexer.XML.time.ns,1715101793503000000,1715101853488000000,181843
lexer.Groovy.time.ns,1715101793503000000,1715101853488000000,66002590
lexer.Groovy.size.bytes,1715101793503000000,1715101853488000000,84113
writeAction.wait.ms,1715101793503000000,1715101853488000000,0
lexer.ECMAScript.6.size.bytes,1715101793503000000,1715101853488000000,1716
parser.JAVA.time.ns,1715101793503000000,1715101853488000000,16447719
cacheStateStorage.set.counter,1715101793503000000,1715101853488000000,1
cacheStateStorage.get.counter,1715101793503000000,1715101853488000000,10
cacheStateStorage.get.duration,1715101793503000000,1715101853488000000,64
cacheStateStorage.set.duration,1715101793503000000,1715101853488000000,0
IndexesFlusher.totalFlushesRetried,1715101793503000000,1715101853488000000,0
Indexes.allKeys.lookupDurationMaxMs,1715101793503000000,1715101853488000000,0.0
Indexes.allKeys.lookups,1715101793503000000,1715101853488000000,0.0
Indexes.entries.lookupDurationMaxMs,1715101793503000000,1715101853488000000,0.0
Indexes.entries.lookupDurationAvgMs,1715101793503000000,1715101853488000000,0.0
IndexesFlusher.totalFlushingTimeUs,1715101793503000000,1715101853488000000,281919
Indexes.allKeys.lookupDuration90PMs,1715101793503000000,1715101853488000000,0.0
Indexes.stubs.lookups,1715101793503000000,1715101853488000000,0.0
Indexes.entries.lookupDuration90PMs,1715101793503000000,1715101853488000000,0.0
IndexesFlusher.totalFlushes,1715101793503000000,1715101853488000000,59
Indexes.entries.lookups,1715101793503000000,1715101853488000000,0.0
Indexes.stubs.lookupDuration90PMs,1715101793503000000,1715101853488000000,0.0
Indexes.allKeys.lookupDurationAvgMs,1715101793503000000,1715101853488000000,0.0
Indexes.stubs.lookupDurationMaxMs,1715101793503000000,1715101853488000000,0.0
Indexes.stubs.lookupDurationAvgMs,1715101793503000000,1715101853488000000,0.0
IndexesFlusher.totalContentionQuotaSpent,1715101793503000000,1715101853488000000,0
workspaceModel.mutableEntityStorage.remove.entity.ms,1715101793503000000,1715101853488000000,0
jps.global.get.library.ms,1715101793503000000,1715101853488000000,0
workspaceModel.mutableEntityStorage.to.snapshot.ms,1715101793503000000,1715101853488000000,3
workspaceModel.global.updates.count,1715101793503000000,1715101853488000000,0
workspaceModel.moduleManagerBridge.create.module.instance.ms,1715101793503000000,1715101853488000000,0
jps.facet.change.listener.init.bridge.ms,1715101793503000000,1715101853488000000,0
jps.project.serializers.load.ms,1715101793503000000,1715101853488000000,0
jps.artifact.entities.serializer.load.entities.ms,1715101793503000000,1715101853488000000,0
workspaceModel.mutableEntityStorage.mutable.vfurl.index.ms,1715101793503000000,1715101853488000000,0
workspaceModel.global.apply.state.to.project.builder.ms,1715101793503000000,1715101853488000000,0
workspaceModel.moduleBridge.update.option.ms,1715101793503000000,1715101853488000000,0
workspaceModel.orphan.listener.update.ms,1715101793503000000,1715101853488000000,1
jps.modifiable.module.model.bridge.load.module.ms,1715101793503000000,1715101853488000000,0
workspaceModel.moduleManagerBridge.load.module.ms,1715101793503000000,1715101853488000000,0
workspaceModel.moduleManagerBridge.set.unloadedModules.ms,1715101793503000000,1715101853488000000,0
workspaceModel.global.apply.state.to.project.ms,1715101793503000000,1715101853488000000,0
jps.module.iml.entities.serializer.save.entities.ms,1715101793503000000,1715101853488000000,1
jps.global.initialize.library.bridges.ms,1715101793503000000,1715101853488000000,0
workspaceModel.mutableEntityStorage.entities.by.source.ms,1715101793503000000,1715101853488000000,0
jps.global.handle.before.change.events.ms,1715101793503000000,1715101853488000000,0
jps.global.get.library.by.name.ms,1715101793503000000,1715101853488000000,0
jps.modifiable.module.model.bridge.disposing.ms,1715101793503000000,1715101853488000000,0
workspaceModel.moduleBridgeLoader.loading.modules.ms,1715101793503000000,1715101853488000000,0
jps.library.entities.serializer.load.entities.ms,1715101793503000000,1715101853488000000,0
workspaceModel.mutableEntityStorage.replace.by.source.ms,1715101793503000000,1715101853488000000,0
workspaceModel.mutableEntityStorage.modify.entity.ms,1715101793503000000,1715101853488000000,3
workspaceModel.mutableEntityStorage.add.entity.ms,1715101793503000000,1715101853488000000,0
workspaceModel.moduleManagerBridge.build.module.graph.ms,1715101793503000000,1715101853488000000,0
workspaceModel.mutableEntityStorage.collect.changes.ms,1715101793503000000,1715101853488000000,1
jps.global.initialize.library.bridges.after.loading.ms,1715101793503000000,1715101853488000000,0
jps.facet.change.listener.process.change.events.ms,1715101793503000000,1715101853488000000,0
workspaceModel.sync.entities.ms,1715101793503000000,1715101853488000000,0
workspaceModel.mutableEntityStorage.apply.changes.from.ms,1715101793503000000,1715101853488000000,1
workspaceModel.mutableEntityStorage.has.same.entities.ms,1715101793503000000,1715101853488000000,0
workspaceModel.moduleBridge.facet.initialization.ms,1715101793503000000,1715101853488000000,0
jps.app.storage.content.writer.save.component.ms,1715101793503000000,1715101853488000000,0
workspaceModel.load.cache.from.file.ms,1715101793503000000,1715101853488000000,0
jps.modifiable.module.model.bridge.renaming.ms,1715101793503000000,1715101853488000000,0
workspaceModel.do.save.caches.ms,1715101793503000000,1715101853488000000,27
jps.global.handle.changed.events.ms,1715101793503000000,1715101853488000000,0
workspaceModel.mutableEntityStorage.put.entity.ms,1715101793503000000,1715101853488000000,0
workspaceModel.delayed.project.synchronizer.sync.ms,1715101793503000000,1715101853488000000,0
jps.reload.project.entities.ms,1715101793503000000,1715101853488000000,0
jps.load.project.to.empty.storage.ms,1715101793503000000,1715101853488000000,0
jps.save.changed.project.entities.ms,1715101793503000000,1715101853488000000,2
workspaceModel.load.cache.metadata.from.file.ms,1715101793503000000,1715101853488000000,0
jps.artifact.entities.serializer.save.entities.ms,1715101793503000000,1715101853488000000,0
jps.project.serializers.save.ms,1715101793503000000,1715101853488000000,2
workspaceModel.mutableEntityStorage.entities.ms,1715101793503000000,1715101853488000000,0
jps.facet.change.listener.before.change.events.ms,1715101793503000000,1715101853488000000,0
jps.app.storage.content.reader.load.component.ms,1715101793503000000,1715101853488000000,0
jps.apply.loaded.storage.ms,1715101793503000000,1715101853488000000,0
jps.storage.jps.conf.reader.load.component.ms,1715101793503000000,1715101853488000000,0
workspaceModel.moduleBridge.before.changed.ms,1715101793503000000,1715101853488000000,0
workspaceModel.mutableEntityStorage.resolve.ms,1715101793503000000,1715101853488000000,6
workspaceModel.mutableEntityStorage.instances.count,1715101793503000000,1715101853488000000,16
workspaceModel.mutableEntityStorage.mutable.ext.mapping.ms,1715101793503000000,1715101853488000000,0
jps.modifiable.module.model.bridge.new.module.ms,1715101793503000000,1715101853488000000,0
jps.global.get.libraries.ms,1715101793503000000,1715101853488000000,10
jps.save.global.entities.ms,1715101793503000000,1715101853488000000,1
workspaceModel.moduleManagerBridge.newModule.ms,1715101793503000000,1715101853488000000,0
workspaceModel.moduleManagerBridge.new.nonPersistent.module.ms,1715101793503000000,1715101853488000000,0
workspaceModel.mutableEntityStorage.referrers.ms,1715101793503000000,1715101853488000000,0
workspaceModel.save.cache.to.file.ms,1715101793503000000,1715101853488000000,24
jps.library.entities.serializer.save.entities.ms,1715101793503000000,1715101853488000000,0
workspaceModel.global.updates.ms,1715101793503000000,1715101853488000000,0
jps.module.iml.entities.serializer.load.entities.ms,1715101793503000000,1715101853488000000,0
workspaceModel.moduleManagerBridge.load.all.modules.ms,1715101793503000000,1715101853488000000,0
workspaceModel.moduleManagerBridge.get.modules.ms,1715101793503000000,1715101853488000000,0
jps.load.initial.state.ms,1715101793503000000,1715101853488000000,0
JVM.newThreadsCount,1715101793503000000,1715101853488000000,6
JVM.maxThreadCount,1715101793503000000,1715101853488000000,153
OS.loadAverage,1715101793503000000,1715101853488000000,1.1943359375
JVM.totalDirectByteBuffersBytes,1715101793503000000,1715101853488000000,513083091
JVM.maxHeapBytes,1715101793503000000,1715101853488000000,2147483648
JVM.totalBytesAllocated,1715101793503000000,1715101853488000000,744568640
JVM.usedHeapBytes,1715101793503000000,1715101853488000000,707788792
JVM.usedNativeBytes,1715101793503000000,1715101853488000000,562965104
JVM.GC.collectionTimesMs,1715101793503000000,1715101853488000000,33
JVM.totalCpuTimeMs,1715101793503000000,1715101853488000000,34340
JVM.GC.collections,1715101793503000000,1715101853488000000,2
JVM.threadCount,1715101793503000000,1715101853488000000,98
DirectByteBufferAllocator.totalSizeOfBuffersCachedInBytes,1715101793503000000,1715101853488000000,1048576
FilePageCacheLockFree.totalBytesRequested,1715101793503000000,1715101853488000000,0
FilePageCacheLockFree.totalPageAllocationsWaited,1715101793503000000,1715101853488000000,0
FileChannelInterruptsRetryer.totalRetriedAttempts,1715101793503000000,1715101853488000000,0
FilePageCacheLockFree.totalPagesWritten,1715101793503000000,1715101853488000000,0
FilePageCache.pageFastCacheHits,1715101793503000000,1715101853488000000,30311
StreamlinedBlobStorage.recordsAllocated,1715101793503000000,1715101853488000000,53
StreamlinedBlobStorage.totalLiveRecordsCapacityBytes,1715101793503000000,1715101853488000000,16338
FilePageCacheLockFree.totalHeapBytesAllocated,1715101793503000000,1715101853488000000,0
FilePageCacheLockFree.totalPagesReclaimed,1715101793503000000,1715101853488000000,0
FilePageCacheLockFree.totalNativeBytesReclaimed,1715101793503000000,1715101853488000000,0
FilePageCacheLockFree.totalClosedStoragesReclaimed,1715101793503000000,1715101853488000000,0
FilePageCacheLockFree.totalPagesRequestsMs,1715101793503000000,1715101853488000000,0
FilePageCacheLockFree.totalPagesRequested,1715101793503000000,1715101853488000000,0
FilePageCache.maxRegisteredFiles,1715101793503000000,1715101853488000000,1198
StorageLockContext.competingThreads.avg,1715101793503000000,1715101853488000000,0.0
StreamlinedBlobStorage.recordsDeleted,1715101793503000000,1715101853488000000,0
DirectByteBufferAllocator.reclaimed,1715101793503000000,1715101853488000000,10
FilePageCacheLockFree.housekeeperTimeSpentMs,1715101793503000000,1715101853488000000,0
DirectByteBufferAllocator.totalSizeOfBuffersAllocatedInBytes,1715101793503000000,1715101853488000000,503332864
DirectByteBufferAllocator.hits,1715101793503000000,1715101853488000000,10
FilePageCache.totalPageDisposalsUs,1715101793503000000,1715101853488000000,2
FilePageCache.pageHits,1715101793503000000,1715101853488000000,0
FilePageCacheLockFree.totalBytesRead,1715101793503000000,1715101853488000000,0
DirectByteBufferAllocator.disposed,1715101793503000000,1715101853488000000,0
FilePageCacheLockFree.housekeeperTurnsDone,1715101793503000000,1715101853488000000,0
FilePageCacheLockFree.totalPagesReadMs,1715101793503000000,1715101853488000000,0
FilePageCache.pageLoads,1715101793503000000,1715101853488000000,0
FilePageCacheLockFree.totalBytesWritten,1715101793503000000,1715101853488000000,0
FilePageCacheLockFree.nativeBytesInUse,1715101793503000000,1715101853488000000,0
FilePageCacheLockFree.totalNativeBytesAllocated,1715101793503000000,1715101853488000000,0
FilePageCacheLockFree.totalPagesWriteMs,1715101793503000000,1715101853488000000,0
MappedFileStorage.totalTimeSpentOnMappingUs,1715101793503000000,1715101853488000000,1259284
MappedFileStorage.totalBytesMapped,1715101793503000000,1715101853488000000,206831616
StorageLockContext.competingThreads.90P,1715101793503000000,1715101853488000000,0
StreamlinedBlobStorage.recordsRelocated,1715101793503000000,1715101853488000000,0
DirectByteBufferAllocator.misses,1715101793503000000,1715101853488000000,0
StreamlinedBlobStorage.totalLiveRecordsPayloadBytes,1715101793503000000,1715101853488000000,10535
FilePageCacheLockFree.housekeeperTurnsSkipped,1715101793503000000,1715101853488000000,0
StorageLockContext.competingThreads.max,1715101793503000000,1715101853488000000,0
FilePageCacheLockFree.totalHeapBytesReclaimed,1715101793503000000,1715101853488000000,0
FilePageCache.capacityInBytes,1715101793503000000,1715101853488000000,503316478
FilePageCache.maxCacheSizeInBytes,1715101793503000000,1715101853488000000,503324672
FilePageCache.totalPageLoadsUs,1715101793503000000,1715101853488000000,1498
FilePageCache.uncachedFileAccess,1715101793503000000,1715101853488000000,75
FilePageCacheLockFree.heapBytesInUse,1715101793503000000,1715101853488000000,0
MappedFileStorage.totalPagesMapped,1715101793503000000,1715101853488000000,17
FilePageCache.pageLoadsAboveSizeThreshold,1715101793503000000,1715101853488000000,10
MappedFileStorage.storages,1715101793503000000,1715101853488000000,17
FilePageCacheLockFree.totalPagesAllocated,1715101793503000000,1715101853488000000,0
FilePageCacheLockFree.totalPagesHandedOver,1715101793503000000,1715101853488000000,0
FilePageCache.disposedBuffers,1715101793503000000,1715101853488000000,10
VFS.fileChildByName,1715101793503000000,1715101853488000000,14516
VFS.invertedFileNameIndex.requests,1715101793503000000,1715101853488000000,16
FileNameCache.queries,1715101793503000000,1715101853488000000,746944
FileNameCache.totalMisses,1715101793503000000,1715101853488000000,4160
VFS.fileByIdCache.misses,1715101793503000000,1715101853488000000,1863
VFS.fileByIdCache.hits,1715101793503000000,1715101853488000000,38
NonBlockingReadAction.failedExecutionsCount,1715101793503000000,1715101853488000000,0
AWTEventQueue.eventsDispatched,1715101793503000000,1715101853488000000,0
FlushQueue.queueSizeMax,1715101793503000000,1715101853488000000,0
FlushQueue.queueSizeAvg,1715101793503000000,1715101853488000000,0.0
AWTEventQueue.dispatchTime90PNs,1715101793503000000,1715101853488000000,0
FlushQueue.tasksExecuted,1715101793503000000,1715101853488000000,0
FlushQueue.queueSize90P,1715101793503000000,1715101853488000000,0
FlushQueue.waitingTimeAvgNs,1715101793503000000,1715101853488000000,0.0
FlushQueue.executionTimeAvgNs,1715101793503000000,1715101853488000000,0.0
WriteAction.executionsCount,1715101793503000000,1715101853488000000,21
NonBlockingReadAction.finalizedExecutionTimeUs,1715101793503000000,1715101853488000000,2202785
FlushQueue.waitingTimeMaxNs,1715101793503000000,1715101853488000000,0
FlushQueue.executionTime90PNs,1715101793503000000,1715101853488000000,0
AWTEventQueue.dispatchTimeTotalNS,1715101793503000000,1715101853488000000,4232955172
AWTEventQueue.dispatchTimeMaxNs,1715101793503000000,1715101853488000000,0
NonBlockingReadAction.finalizedExecutionsCount,1715101793503000000,1715101853488000000,1199
NonBlockingReadAction.failedExecutionTimeUs,1715101793503000000,1715101853488000000,0
AWTEventQueue.dispatchTimeAvgNs,1715101793503000000,1715101853488000000,0.0
FlushQueue.waitingTime90PNs,1715101793503000000,1715101853488000000,0
FlushQueue.executionTimeMaxNs,1715101793503000000,1715101853488000000,0
ReadAction.executionsCount,1715101793503000000,1715101853488000000,86527
workspaceModel.check.recursive.update.ms,1715101793503000000,1715101853488000000,0
workspaceModel.collect.changes.ms,1715101793503000000,1715101853488000000,1
workspaceModel.cachedValueWithParameters.calculated.ms,1715101793503000000,1715101853488000000,0
workspaceModel.cachedValue.total.get.ms,1715101793503000000,1715101853488000000,6
workspaceModel.workspaceFileIndexData.instances.count,1715101793503000000,1715101853488000000,0
workspaceModel.workspaceFileIndexData.init.ms,1715101793503000000,1715101853488000000,0
workspaceModel.workspaceFileIndexData.getPackageName.ms,1715101793503000000,1715101853488000000,5
workspaceModel.workspaceFileIndexData.updateDirtyEntities.ms,1715101793503000000,1715101853488000000,0
workspaceModel.workspaceFileIndexData.getFileInfo.ms,1715101793503000000,1715101853488000000,78
workspaceModel.entityStorageSnapshotImpl.instances.count,1715101793503000000,1715101853488000000,26
workspaceModel.updates.ms,1715101793503000000,1715101853488000000,10
workspaceModel.loading.from.cache.ms,1715101793503000000,1715101853488000000,0
workspaceModel.workspaceFileIndexData.markDirty.ms,1715101793503000000,1715101853488000000,0
workspaceModel.cachedValueWithParameters.total.get.ms,1715101793503000000,1715101853488000000,0
workspaceModel.updates.precise.ms,1715101793503000000,1715101853488000000,1
workspaceModel.loading.total.ms,1715101793503000000,1715101853488000000,0
workspaceModel.workspaceFileIndexData.processFileSets.ms,1715101793503000000,1715101853488000000,0
workspaceModel.initializing.ms,1715101793503000000,1715101853488000000,0
workspaceModel.cachedValue.calculated.ms,1715101793503000000,1715101853488000000,3
workspaceModel.workspaceFileIndexContributor.registerFileSets.ms,1715101793503000000,1715101853488000000,1
workspaceModel.updates.count,1715101793503000000,1715101853488000000,3
workspaceModel.cachedValueWithParameters.from.cache.ms,1715101793503000000,1715101853488000000,0
workspaceModel.workspaceFileIndexData.visitFileSets.ms,1715101793503000000,1715101853488000000,0
workspaceModel.cachedValueWithParameters.clear.ms,1715101793503000000,1715101853488000000,0
workspaceModel.update.unloaded.entities.ms,1715101793503000000,1715101853488000000,0
workspaceModel.cachedValue.clear.ms,1715101793503000000,1715101853488000000,0
workspaceModel.cachedValue.from.cache.ms,1715101793503000000,1715101853488000000,3
workspaceModel.full.replace.project.model.ms,1715101793503000000,1715101853488000000,0
workspaceModel.workspaceFileIndexData.getDirectoriesByPackageName.ms,1715101793503000000,1715101853488000000,8
workspaceModel.init.bridges.ms,1715101793503000000,1715101853488000000,0
workspaceModel.replace.project.model.ms,1715101793503000000,1715101853488000000,0
workspaceModel.workspaceFileIndexData.onEntitiesChanged.ms,1715101793503000000,1715101853488000000,0
workspaceModel.pre.handlers.ms,1715101793503000000,1715101853488000000,0
workspaceModel.to.snapshot.ms,1715101793503000000,1715101853488000000,0
compiler.ArtifactManagerBridge.findArtifact.ms,1715101793503000000,1715101853488000000,0
compiler.ArtifactManagerBridge.commit.ms,1715101793503000000,1715101853488000000,0
compiler.ArtifactManagerBridge.addArtifact.ms,1715101793503000000,1715101853488000000,0
compiler.ArtifactManagerBridge.getArtifacts.ms,1715101793503000000,1715101853488000000,0
compiler.ArtifactManagerBridge.getArtifactsByType.ms,1715101793503000000,1715101853488000000,0
compiler.ArtifactManagerBridge.dropMappings.ms,1715101793503000000,1715101853488000000,0
compiler.ArtifactVirtualFileListener.propertyChanged.ms,1715101793503000000,1715101853488000000,0
compiler.ArtifactVirtualFileListener.filePathChanged.ms,1715101793503000000,1715101853488000000,0
compiler.ArtifactManagerBridge.initBridges.ms,1715101793503000000,1715101853488000000,0
writeAction.max.wait.ms,1715101853488000000,1715101871808000000,6
writeAction.median.wait.ms,1715101853488000000,1715101871808000000,0
writeAction.count,1715101853488000000,1715101871808000000,8
writeAction.wait.ms,1715101853488000000,1715101871808000000,1
cacheStateStorage.set.counter,1715101853488000000,1715101871808000000,10
cacheStateStorage.get.counter,1715101853488000000,1715101871808000000,0
cacheStateStorage.get.duration,1715101853488000000,1715101871808000000,0
cacheStateStorage.set.duration,1715101853488000000,1715101871808000000,4
Indexes.allKeys.lookupDurationMaxMs,1715101853488000000,1715101871808000000,0.0
Indexes.allKeys.lookups,1715101853488000000,1715101871808000000,0.0
Indexes.entries.lookupDurationMaxMs,1715101853488000000,1715101871808000000,0.0
Indexes.entries.lookupDurationAvgMs,1715101853488000000,1715101871808000000,0.0
Indexes.allKeys.lookupDuration90PMs,1715101853488000000,1715101871808000000,0.0
Indexes.stubs.lookups,1715101853488000000,1715101871808000000,0.0
Indexes.entries.lookupDuration90PMs,1715101853488000000,1715101871808000000,0.0
Indexes.entries.lookups,1715101853488000000,1715101871808000000,0.0
Indexes.stubs.lookupDuration90PMs,1715101853488000000,1715101871808000000,0.0
Indexes.allKeys.lookupDurationAvgMs,1715101853488000000,1715101871808000000,0.0
Indexes.stubs.lookupDurationMaxMs,1715101853488000000,1715101871808000000,0.0
Indexes.stubs.lookupDurationAvgMs,1715101853488000000,1715101871808000000,0.0
workspaceModel.mutableEntityStorage.remove.entity.ms,1715101853488000000,1715101871808000000,0
jps.global.get.library.ms,1715101853488000000,1715101871808000000,0
workspaceModel.mutableEntityStorage.to.snapshot.ms,1715101853488000000,1715101871808000000,0
workspaceModel.global.updates.count,1715101853488000000,1715101871808000000,0
workspaceModel.moduleManagerBridge.create.module.instance.ms,1715101853488000000,1715101871808000000,0
jps.facet.change.listener.init.bridge.ms,1715101853488000000,1715101871808000000,0
jps.project.serializers.load.ms,1715101853488000000,1715101871808000000,0
jps.artifact.entities.serializer.load.entities.ms,1715101853488000000,1715101871808000000,0
workspaceModel.mutableEntityStorage.mutable.vfurl.index.ms,1715101853488000000,1715101871808000000,0
workspaceModel.global.apply.state.to.project.builder.ms,1715101853488000000,1715101871808000000,0
workspaceModel.moduleBridge.update.option.ms,1715101853488000000,1715101871808000000,0
workspaceModel.orphan.listener.update.ms,1715101853488000000,1715101871808000000,0
jps.modifiable.module.model.bridge.load.module.ms,1715101853488000000,1715101871808000000,0
workspaceModel.moduleManagerBridge.load.module.ms,1715101853488000000,1715101871808000000,0
workspaceModel.moduleManagerBridge.set.unloadedModules.ms,1715101853488000000,1715101871808000000,0
workspaceModel.global.apply.state.to.project.ms,1715101853488000000,1715101871808000000,0
jps.module.iml.entities.serializer.save.entities.ms,1715101853488000000,1715101871808000000,0
jps.global.initialize.library.bridges.ms,1715101853488000000,1715101871808000000,0
workspaceModel.mutableEntityStorage.entities.by.source.ms,1715101853488000000,1715101871808000000,0
jps.global.handle.before.change.events.ms,1715101853488000000,1715101871808000000,0
jps.global.get.library.by.name.ms,1715101853488000000,1715101871808000000,0
jps.modifiable.module.model.bridge.disposing.ms,1715101853488000000,1715101871808000000,0
workspaceModel.moduleBridgeLoader.loading.modules.ms,1715101853488000000,1715101871808000000,0
jps.library.entities.serializer.load.entities.ms,1715101853488000000,1715101871808000000,0
workspaceModel.mutableEntityStorage.replace.by.source.ms,1715101853488000000,1715101871808000000,0
workspaceModel.mutableEntityStorage.modify.entity.ms,1715101853488000000,1715101871808000000,0
workspaceModel.mutableEntityStorage.add.entity.ms,1715101853488000000,1715101871808000000,0
workspaceModel.moduleManagerBridge.build.module.graph.ms,1715101853488000000,1715101871808000000,0
workspaceModel.mutableEntityStorage.collect.changes.ms,1715101853488000000,1715101871808000000,0
jps.global.initialize.library.bridges.after.loading.ms,1715101853488000000,1715101871808000000,0
jps.facet.change.listener.process.change.events.ms,1715101853488000000,1715101871808000000,0
workspaceModel.sync.entities.ms,1715101853488000000,1715101871808000000,0
workspaceModel.mutableEntityStorage.apply.changes.from.ms,1715101853488000000,1715101871808000000,0
workspaceModel.mutableEntityStorage.has.same.entities.ms,1715101853488000000,1715101871808000000,0
workspaceModel.moduleBridge.facet.initialization.ms,1715101853488000000,1715101871808000000,0
jps.app.storage.content.writer.save.component.ms,1715101853488000000,1715101871808000000,0
workspaceModel.load.cache.from.file.ms,1715101853488000000,1715101871808000000,0
jps.modifiable.module.model.bridge.renaming.ms,1715101853488000000,1715101871808000000,0
workspaceModel.do.save.caches.ms,1715101853488000000,1715101871808000000,0
jps.global.handle.changed.events.ms,1715101853488000000,1715101871808000000,0
workspaceModel.mutableEntityStorage.put.entity.ms,1715101853488000000,1715101871808000000,0
workspaceModel.delayed.project.synchronizer.sync.ms,1715101853488000000,1715101871808000000,0
jps.reload.project.entities.ms,1715101853488000000,1715101871808000000,0
jps.load.project.to.empty.storage.ms,1715101853488000000,1715101871808000000,0
jps.save.changed.project.entities.ms,1715101853488000000,1715101871808000000,1
workspaceModel.load.cache.metadata.from.file.ms,1715101853488000000,1715101871808000000,0
jps.artifact.entities.serializer.save.entities.ms,1715101853488000000,1715101871808000000,0
jps.project.serializers.save.ms,1715101853488000000,1715101871808000000,0
workspaceModel.mutableEntityStorage.entities.ms,1715101853488000000,1715101871808000000,0
jps.facet.change.listener.before.change.events.ms,1715101853488000000,1715101871808000000,0
jps.app.storage.content.reader.load.component.ms,1715101853488000000,1715101871808000000,0
jps.apply.loaded.storage.ms,1715101853488000000,1715101871808000000,0
jps.storage.jps.conf.reader.load.component.ms,1715101853488000000,1715101871808000000,0
workspaceModel.moduleBridge.before.changed.ms,1715101853488000000,1715101871808000000,0
workspaceModel.mutableEntityStorage.resolve.ms,1715101853488000000,1715101871808000000,0
workspaceModel.mutableEntityStorage.instances.count,1715101853488000000,1715101871808000000,0
workspaceModel.mutableEntityStorage.mutable.ext.mapping.ms,1715101853488000000,1715101871808000000,0
jps.modifiable.module.model.bridge.new.module.ms,1715101853488000000,1715101871808000000,0
jps.global.get.libraries.ms,1715101853488000000,1715101871808000000,0
jps.save.global.entities.ms,1715101853488000000,1715101871808000000,2
workspaceModel.moduleManagerBridge.newModule.ms,1715101853488000000,1715101871808000000,0
workspaceModel.moduleManagerBridge.new.nonPersistent.module.ms,1715101853488000000,1715101871808000000,0
workspaceModel.mutableEntityStorage.referrers.ms,1715101853488000000,1715101871808000000,0
workspaceModel.save.cache.to.file.ms,1715101853488000000,1715101871808000000,0
jps.library.entities.serializer.save.entities.ms,1715101853488000000,1715101871808000000,0
workspaceModel.global.updates.ms,1715101853488000000,1715101871808000000,0
jps.module.iml.entities.serializer.load.entities.ms,1715101853488000000,1715101871808000000,0
workspaceModel.moduleManagerBridge.load.all.modules.ms,1715101853488000000,1715101871808000000,0
workspaceModel.moduleManagerBridge.get.modules.ms,1715101853488000000,1715101871808000000,0
jps.load.initial.state.ms,1715101853488000000,1715101871808000000,0
JVM.newThreadsCount,1715101853488000000,1715101871808000000,15
JVM.maxThreadCount,1715101853488000000,1715101871808000000,153
OS.loadAverage,1715101853488000000,1715101871808000000,1.14990234375
JVM.totalDirectByteBuffersBytes,1715101853488000000,1715101871808000000,51808395
JVM.maxHeapBytes,1715101853488000000,1715101871808000000,2147483648
JVM.totalBytesAllocated,1715101853488000000,1715101871808000000,91384984
JVM.usedHeapBytes,1715101853488000000,1715101871808000000,807403512
JVM.usedNativeBytes,1715101853488000000,1715101871808000000,570079080
JVM.GC.collectionTimesMs,1715101853488000000,1715101871808000000,0
JVM.totalCpuTimeMs,1715101853488000000,1715101871808000000,5050
JVM.GC.collections,1715101853488000000,1715101871808000000,0
JVM.threadCount,1715101853488000000,1715101871808000000,89
DirectByteBufferAllocator.totalSizeOfBuffersCachedInBytes,1715101853488000000,1715101871808000000,41959424
FilePageCacheLockFree.totalBytesRequested,1715101853488000000,1715101871808000000,0
FilePageCacheLockFree.totalPageAllocationsWaited,1715101853488000000,1715101871808000000,0
FileChannelInterruptsRetryer.totalRetriedAttempts,1715101853488000000,1715101871808000000,0
FilePageCacheLockFree.totalPagesWritten,1715101853488000000,1715101871808000000,0
FilePageCache.pageFastCacheHits,1715101853488000000,1715101871808000000,216
FilePageCacheLockFree.totalHeapBytesAllocated,1715101853488000000,1715101871808000000,0
FilePageCacheLockFree.totalPagesReclaimed,1715101853488000000,1715101871808000000,0
FilePageCacheLockFree.totalNativeBytesReclaimed,1715101853488000000,1715101871808000000,0
FilePageCacheLockFree.totalClosedStoragesReclaimed,1715101853488000000,1715101871808000000,0
FilePageCacheLockFree.totalPagesRequestsMs,1715101853488000000,1715101871808000000,0
FilePageCacheLockFree.totalPagesRequested,1715101853488000000,1715101871808000000,0
FilePageCache.maxRegisteredFiles,1715101853488000000,1715101871808000000,1198
StorageLockContext.competingThreads.avg,1715101853488000000,1715101871808000000,0.0
DirectByteBufferAllocator.reclaimed,1715101853488000000,1715101871808000000,46
FilePageCacheLockFree.housekeeperTimeSpentMs,1715101853488000000,1715101871808000000,0
DirectByteBufferAllocator.totalSizeOfBuffersAllocatedInBytes,1715101853488000000,1715101871808000000,41959424
DirectByteBufferAllocator.hits,1715101853488000000,1715101871808000000,5
FilePageCache.totalPageDisposalsUs,1715101853488000000,1715101871808000000,17
FilePageCache.pageHits,1715101853488000000,1715101871808000000,0
FilePageCacheLockFree.totalBytesRead,1715101853488000000,1715101871808000000,0
DirectByteBufferAllocator.disposed,1715101853488000000,1715101871808000000,440
FilePageCacheLockFree.housekeeperTurnsDone,1715101853488000000,1715101871808000000,0
FilePageCacheLockFree.totalPagesReadMs,1715101853488000000,1715101871808000000,0
FilePageCache.pageLoads,1715101853488000000,1715101871808000000,5
FilePageCacheLockFree.totalBytesWritten,1715101853488000000,1715101871808000000,0
FilePageCacheLockFree.nativeBytesInUse,1715101853488000000,1715101871808000000,0
FilePageCacheLockFree.totalNativeBytesAllocated,1715101853488000000,1715101871808000000,0
FilePageCacheLockFree.totalPagesWriteMs,1715101853488000000,1715101871808000000,0
StorageLockContext.competingThreads.90P,1715101853488000000,1715101871808000000,0
DirectByteBufferAllocator.misses,1715101853488000000,1715101871808000000,0
FilePageCacheLockFree.housekeeperTurnsSkipped,1715101853488000000,1715101871808000000,0
StorageLockContext.competingThreads.max,1715101853488000000,1715101871808000000,0
FilePageCacheLockFree.totalHeapBytesReclaimed,1715101853488000000,1715101871808000000,0
FilePageCache.capacityInBytes,1715101853488000000,1715101871808000000,503316478
FilePageCache.maxCacheSizeInBytes,1715101853488000000,1715101871808000000,503324672
FilePageCache.totalPageLoadsUs,1715101853488000000,1715101871808000000,626
FilePageCache.uncachedFileAccess,1715101853488000000,1715101871808000000,18
FilePageCacheLockFree.heapBytesInUse,1715101853488000000,1715101871808000000,0
FilePageCache.pageLoadsAboveSizeThreshold,1715101853488000000,1715101871808000000,0
FilePageCacheLockFree.totalPagesAllocated,1715101853488000000,1715101871808000000,0
FilePageCacheLockFree.totalPagesHandedOver,1715101853488000000,1715101871808000000,0
FilePageCache.disposedBuffers,1715101853488000000,1715101871808000000,486
VFS.fileChildByName,1715101853488000000,1715101871808000000,2164
VFS.invertedFileNameIndex.requests,1715101853488000000,1715101871808000000,0
VFS.fileByIdCache.misses,1715101853488000000,1715101871808000000,0
VFS.fileByIdCache.hits,1715101853488000000,1715101871808000000,3
NonBlockingReadAction.failedExecutionsCount,1715101853488000000,1715101871808000000,0
NonBlockingReadAction.finalizedExecutionTimeUs,1715101853488000000,1715101871808000000,15166
AWTEventQueue.dispatchTimeTotalNS,1715101853488000000,1715101871808000000,719034686
NonBlockingReadAction.finalizedExecutionsCount,1715101853488000000,1715101871808000000,14
NonBlockingReadAction.failedExecutionTimeUs,1715101853488000000,1715101871808000000,0
workspaceModel.check.recursive.update.ms,1715101853488000000,1715101871808000000,0
workspaceModel.collect.changes.ms,1715101853488000000,1715101871808000000,0
workspaceModel.cachedValueWithParameters.calculated.ms,1715101853488000000,1715101871808000000,0
workspaceModel.cachedValue.total.get.ms,1715101853488000000,1715101871808000000,1
workspaceModel.workspaceFileIndexData.instances.count,1715101853488000000,1715101871808000000,0
workspaceModel.workspaceFileIndexData.init.ms,1715101853488000000,1715101871808000000,0
workspaceModel.workspaceFileIndexData.getPackageName.ms,1715101853488000000,1715101871808000000,0
workspaceModel.workspaceFileIndexData.updateDirtyEntities.ms,1715101853488000000,1715101871808000000,0
workspaceModel.workspaceFileIndexData.getFileInfo.ms,1715101853488000000,1715101871808000000,2
workspaceModel.entityStorageSnapshotImpl.instances.count,1715101853488000000,1715101871808000000,0
workspaceModel.updates.ms,1715101853488000000,1715101871808000000,0
workspaceModel.loading.from.cache.ms,1715101853488000000,1715101871808000000,0
workspaceModel.workspaceFileIndexData.markDirty.ms,1715101853488000000,1715101871808000000,0
workspaceModel.cachedValueWithParameters.total.get.ms,1715101853488000000,1715101871808000000,0
workspaceModel.updates.precise.ms,1715101853488000000,1715101871808000000,0
workspaceModel.loading.total.ms,1715101853488000000,1715101871808000000,0
workspaceModel.workspaceFileIndexData.processFileSets.ms,1715101853488000000,1715101871808000000,0
workspaceModel.initializing.ms,1715101853488000000,1715101871808000000,0
workspaceModel.cachedValue.calculated.ms,1715101853488000000,1715101871808000000,0
workspaceModel.workspaceFileIndexContributor.registerFileSets.ms,1715101853488000000,1715101871808000000,0
workspaceModel.updates.count,1715101853488000000,1715101871808000000,0
workspaceModel.cachedValueWithParameters.from.cache.ms,1715101853488000000,1715101871808000000,0
workspaceModel.workspaceFileIndexData.visitFileSets.ms,1715101853488000000,1715101871808000000,0
workspaceModel.cachedValueWithParameters.clear.ms,1715101853488000000,1715101871808000000,0
workspaceModel.update.unloaded.entities.ms,1715101853488000000,1715101871808000000,0
workspaceModel.cachedValue.clear.ms,1715101853488000000,1715101871808000000,0
workspaceModel.cachedValue.from.cache.ms,1715101853488000000,1715101871808000000,1
workspaceModel.full.replace.project.model.ms,1715101853488000000,1715101871808000000,0
workspaceModel.workspaceFileIndexData.getDirectoriesByPackageName.ms,1715101853488000000,1715101871808000000,0
workspaceModel.init.bridges.ms,1715101853488000000,1715101871808000000,0
workspaceModel.replace.project.model.ms,1715101853488000000,1715101871808000000,0
workspaceModel.workspaceFileIndexData.onEntitiesChanged.ms,1715101853488000000,1715101871808000000,0
workspaceModel.pre.handlers.ms,1715101853488000000,1715101871808000000,0
workspaceModel.to.snapshot.ms,1715101853488000000,1715101871808000000,0
compiler.ArtifactManagerBridge.findArtifact.ms,1715101853488000000,1715101871808000000,0
compiler.ArtifactManagerBridge.commit.ms,1715101853488000000,1715101871808000000,0
compiler.ArtifactManagerBridge.addArtifact.ms,1715101853488000000,1715101871808000000,0
compiler.ArtifactManagerBridge.getArtifacts.ms,1715101853488000000,1715101871808000000,0
compiler.ArtifactManagerBridge.getArtifactsByType.ms,1715101853488000000,1715101871808000000,0
compiler.ArtifactManagerBridge.dropMappings.ms,1715101853488000000,1715101871808000000,0
compiler.ArtifactVirtualFileListener.propertyChanged.ms,1715101853488000000,1715101871808000000,0
compiler.ArtifactVirtualFileListener.filePathChanged.ms,1715101853488000000,1715101871808000000,0
compiler.ArtifactManagerBridge.initBridges.ms,1715101853488000000,1715101871808000000,0
